Page,Edits,Editors,Views
"Simone Biles",9,6,803887
"Ismail Haniyeh",133,69,636456
"2024 Summer Olympics",26,13,468675
"Kamala Harris",21,14,451478
"Deadpool & Wolverine",126,33,421239
"Katie Ledecky",19,15,363394
"Sunisa Lee",5,4,300679
"MyKayla Skinner",26,17,289857
"Jonathan Owens",11,8,284132
"Michael Phelps",1,1,270391
"Alex Yee",32,22,232372
"Jordan Chiles",6,4,209664
"Imane Khelif",1,1,202870
"Donald J. Harris",9,8,196011
"India at the 2024 Summer Olympics",95,26,194636
"Léon Marchand",40,26,168002
"Hamas",16,9,158745
"Assassination of Ismail Haniyeh",492,80,151018
"Cleopatra",0,0,141849
"Deaths in 2024",59,23,138293
"All-time Olympic Games medal table",18,9,128462
"2024 Summer Olympics medal table",43,16,125545
"Jade Carey",1,1,123201
"Daniel Wiffen",8,5,122330
"Huw Edwards",54,26,122062
"Stephen Nedoroscik",13,10,121136
"Andrea Spendolini-Sirieix",10,9,109321
"Project 2025",23,12,109106
"YouTube",0,0,108455
"Badminton at the 2024 Summer Olympics",0,0,100922
"Fred Sirieix",3,1,99646
"List of Olympic Games host cities",8,5,97892
"Shyamala Gopalan",1,1,97709
"Gabby Douglas",0,0,97210
"Manu Bhaker",5,3,96216
"House of the Dragon",11,11,91870
"Yahya Sinwar",3,3,91682
"Ilona Maher",22,14,90990
"Badminton at the 2024 Summer Olympics – Men's singles",59,8,90203
"Josh Shapiro",35,20,90134
"McKayla Maroney",1,1,89050
".xxx",0,0,86933
"Olympic Games",0,0,85924
"Doctor Doom",7,6,85736
"Swimming at the 2024 Summer Olympics",51,18,84705
"Prisca Awiti Alcaraz",16,14,84608
"2020 Summer Olympics",7,6,84335
"Snoop Dogg",1,1,83948
"JD Vance",27,15,83676
"Hezly Rivera",5,5,80011
"Ryan Reynolds",1,1,79853
"Gymnastics at the 2024 Summer Olympics",2,1,79304
"Twisters (film)",9,6,79026
"2028 Summer Olympics",6,4,77140
"Tom Daley",6,5,76757
"Nicolás Maduro",3,3,76577
"Aly Raisman",0,0,75359
"Tennis at the 2024 Summer Olympics – Men's singles",35,9,73370
"XXXTentacion",0,0,73261
"Tennis at the 2024 Summer Olympics",0,0,71754
"Pete Buttigieg",1,1,69576
"India at the Olympics",3,3,69554
"Donald Trump",6,4,69041
"Masoud Pezeshkian",6,6,68691
"Rebecca Adlington",1,1,68671
"Football at the 2024 Summer Olympics",2,1,67095
"Blake Lively",2,2,66243
"Hugh Jackman",1,1,65800
"Kim Ye-ji (sport shooter)",4,2,65306
"Steven van de Velde",9,5,65253
"Larry Nassar",2,2,64841
"2024 United States presidential election",3,1,64747
"Football at the 2024 Summer Olympics – Women's tournament",23,8,64586
"Lakshya Sen",4,4,64165
"Family of Kamala Harris",2,2,63776
"2020 Summer Olympics medal table",0,0,63510
"English Defence League",4,3,63341
"Shannon Miller",1,1,62964
"Mark Kelly",5,3,62938
"Sreeja Akula",2,1,62743
"Nadia Comăneci",0,0,62379
"South Sudan men's national basketball team",1,1,62027
"Raayan",5,4,61605
"Deadpool (film)",5,3,61390
"Badminton at the 2024 Summer Olympics – Women's singles",46,11,60302
"Tim Walz",24,6,57521
"Doug Emhoff",0,0,57413
"Vanessa Kirby",1,1,56383
"Erica Ash",3,3,56216
"Tennis at the 2024 Summer Olympics – Women's singles",30,12,56060
"Badminton at the 2024 Summer Olympics – Men's doubles",15,6,55823
"Israel–Hamas war",21,9,55590
"Trap (2024 film)",33,12,55100
"Kalki 2898 AD",1,1,54527
"List of Marvel Cinematic Universe films",0,0,54169
"2024 Venezuelan presidential election",215,24,53945
"South Sudan",2,2,52645
"Lou Pearlman",0,0,52490
"Pan Zhanle",27,16,52372
"Onyeka Onwenu",36,23,52311
"Basketball at the 2024 Summer Olympics",?,?,50977
"United States at the 2024 Summer Olympics",?,?,50854
"Bruce Willis",?,?,50068
"Triathlon",?,?,49859
"Gymnastics at the 2020 Summer Olympics",?,?,49841
"List of multiple Olympic medalists",?,?,49805
"Emma Corrin",?,?,49531
"Inside Out 2",?,?,49425
"List of Olympic medal leaders in women's gymnastics",?,?,49046
"Siobhán Haughey",?,?,48831
"Rajeev Ram",?,?,48725
"Laurie Hernandez",?,?,48707
"P. V. Sindhu",?,?,48614
"Table tennis at the 2024 Summer Olympics",?,?,48587
"Mohammed Deif",?,?,48280
"Celine Dion",?,?,47371
"Summer Olympic Games",?,?,47315
"Tennis at the 2024 Summer Olympics – Men's doubles",?,?,47001
"Tommy Robinson (activist)",?,?,46684
"Maharaja (2024 film)",?,?,46365
"Sarah Sjöström",?,?,45952
"Deadpool 2",?,?,45907
"2032 Summer Olympics",?,?,45630
"Longlegs",?,?,45501
"Alexandra Cooper",?,?,44775
"2026 Winter Olympics",?,?,44676
"2024 in film",?,?,44358
"Manika Batra",?,?,43865
"Maya Harris",?,?,43859
"Bobby Finke",?,?,43572
"Saleh al-Arouri",?,?,43442
"Final Five (gymnastics)",?,?,43353
"Khaled Mashal",?,?,42960
"Gymnastics at the 2020 Summer Olympics – Women's artistic team all-around",?,?,42786
"Jessica Fox (canoeist)",?,?,42674
"United States",?,?,42457
"Volleyball at the 2024 Summer Olympics",?,?,42453
"Judo at the 2024 Summer Olympics",?,?,42396
"Jazz Chisholm Jr.",?,?,42212
"Crimson Tide (film)",?,?,42001
"Carlik Jones",?,?,41854
"List of world records in swimming",?,?,41715
"Michele Kang",?,?,41458
"Hezbollah",?,?,41371
"Southport",?,?,41275
"Deadpool",?,?,40775
"Pedro Pascal",?,?,40749
"Gymnastics at the 2024 Summer Olympics – Women's artistic team all-around",?,?,39937
"Judo at the 2024 Summer Olympics – Men's 90 kg",?,?,39828
"Elon Musk",?,?,39726
"Theodoros Tselidis",?,?,39720
"2020 United States presidential election",?,?,39709
"Luol Deng",?,?,39688
"Basketball at the 2024 Summer Olympics – Men's tournament",?,?,38904
"2024 Southport stabbing",?,?,38589
"Laura Fazliu",?,?,38155
"Kepler's Supernova",?,?,38052
"Football at the 2024 Summer Olympics – Men's tournament",?,?,37805
"Beth Potter",?,?,37785
"XXX: Return of Xander Cage",?,?,37748
"Rafael Nadal",?,?,37379
"Ansel Adams",?,?,37055
"XXXX (beer)",?,?,37028
"Bob Bowman (coach)",?,?,36633
"2016 Summer Olympics",?,?,36612
"World record progression 1500 metres freestyle",?,?,36560
"Despicable Me 4",?,?,36408
"Hmong people",?,?,36321
"North Korea at the Olympics",?,?,36277
"Ahmed Yassin",?,?,36209
"SummerSlam (2024)",?,?,36126
"Table tennis at the 2024 Summer Olympics – Women's singles",?,?,36039
"Mark Foster (swimmer)",?,?,35994
"China at the 2024 Summer Olympics",?,?,35979
"Nicole Johnson (Miss California USA)",?,?,35755
"Austin Krajicek",?,?,35673
"2024–25 UEFA Champions League",?,?,35455
"World War II",?,?,35386
"Gymnastics at the 2024 Summer Olympics – Men's artistic individual all-around",?,?,35318
"Anastasiya Kirpichnikova",?,?,34922
"Table tennis at the 2024 Summer Olympics – Men's singles",?,?,34806
"Regan Smith (swimmer)",?,?,34709
"Triathlon at the 2024 Summer Olympics",?,?,34422
"Summer McIntosh",?,?,34384
"Shinnosuke Oka",?,?,34365
"Jake Jarman",?,?,34259
"Glen Powell",?,?,34238
"A Quiet Place: Day One",?,?,34205
"Dustin Lance Black",?,?,34144
"The Decameron (TV series)",?,?,34137
"LeBron James",?,?,33934
"List of highest-grossing Indian films",?,?,33912
"Joe Biden",?,?,33681
"Vybz Kartel",?,?,33642
"United States at the Olympics",?,?,33547
"Scarlett Johansson",?,?,33458
"2012 Summer Olympics",?,?,33399
"Flora Duffy",?,?,33397
"India at the 2020 Summer Olympics",?,?,33286
"Jonatan Christie",?,?,33168
"Royal Ivey",?,?,33022
"Prannoy H. S.",?,?,32996
"Archery at the 2024 Summer Olympics – Women's individual",?,?,32915
"Attempted assassination of Donald Trump",?,?,32870
"List of Isle of Man TT Mountain Course fatalities",?,?,32867
"Rwanda",?,?,32845
"Hayden Wilde",?,?,32676
"Shooting at the 2024 Summer Olympics",?,?,32659
"SGR 1806−20",?,?,32504
"Hmong Americans",?,?,32441
"Jimmer Fredette",?,?,32435
"It Ends with Us",?,?,32032
"Nastia Liukin",?,?,31905
"Robert Downey Jr.",?,?,31846
"2012 Summer Olympics medal table",?,?,31816
"Trinity Rodman",?,?,31732
"Archery at the 2024 Summer Olympics",?,?,31692
"Wedding anniversary",?,?,31628
"Usha Vance",?,?,31611
"Wikipedia",?,?,31554
"Fierce Five",?,?,31512
"Boxing at the 2024 Summer Olympics",?,?,31461
"Miu Hirano",?,?,31325
"XXX (2002 film)",?,?,31267
"Chido Obi",?,?,31169
"Dafne Keen",?,?,31151
"World record progression 100 metres freestyle",?,?,30976
"Athletics at the 2024 Summer Olympics",?,?,30921
"J. D. Vance",?,?,30803
"The Fantastic Four: First Steps",?,?,30783
"Tennis at the 2024 Summer Olympics – Women's doubles",?,?,30701
"Gypsy-Rose Blanchard",?,?,30597
"Rebeca Andrade",?,?,30584
"Hugo Chávez",?,?,30557
"Great Britain at the Olympics",?,?,30438
"List of multiple Olympic gold medalists",?,?,30378
"Great Britain at the 2024 Summer Olympics",?,?,30328
"Cassandra Nova",?,?,30328
"Le Festin des Dieux",?,?,30229
"Chappell Roan",?,?,30175
"Ilya Kharun",?,?,30170
"MrBeast",?,?,30165
"Nuni Omot",?,?,30095
"Football at the Summer Olympics",?,?,29832
"Killing of Ismail Haniyeh",?,?,29825
"Shawn Johnson East",?,?,29610
"Usain Bolt",?,?,29602
"Jack Alexy",?,?,29456
"Individual Neutral Athletes at the 2024 Summer Olympics",?,?,29404
"Venezuela",?,?,29374
"Alia Bhatt",?,?,29367
"Tennis at the 2024 Summer Olympics – Mixed doubles",?,?,29347
"Marvel Cinematic Universe",?,?,29216
"Dionysus",?,?,29150
"North Korea at the 2024 Summer Olympics",?,?,29144
"Torri Huske",?,?,29072
"The Boys (TV series)",?,?,29038
"The Ministry of Ungentlemanly Warfare",?,?,28968
"Israel",?,?,28948
"Fred Trump III",?,?,28923
"Novak Djokovic",?,?,28879
"Logan (film)",?,?,28799
"Kieran Reilly",?,?,28753
"Márta Károlyi",?,?,28565
"Megan Thee Stallion",?,?,28450
"Druze",?,?,28434
"Sha'Carri Richardson",?,?,28300
"Nil Battey Sannata",?,?,28263
"Caeleb Dressel",?,?,28237
"Fred Trump Jr.",?,?,28086
"Brigitte Macron",?,?,27959
"Lin Yu-ting",?,?,27899
"Charli XCX",?,?,27645
"2016 United States presidential election",?,?,27611
"Murder of Dee Dee Blanchard",?,?,27599
"Gambit (Marvel Comics)",?,?,27423
"Ella Emhoff",?,?,27360
"Field hockey at the 2024 Summer Olympics",?,?,27302
"William Calley",?,?,27189
"Instagram",?,?,27116
"Ranvir Shorey",?,?,27076
"Fred Trump",?,?,27050
"Clint Eastwood",?,?,26947
"X-Men (film series)",?,?,26926
"Kerri Strug",?,?,26898
"Willie Brown (politician)",?,?,26833
"Sun Yingsha",?,?,26790
"Artistic gymnastics",?,?,26770
"Kill (film)",?,?,26764
"Fencing at the 2024 Summer Olympics",?,?,26677
"Lola Anderson",?,?,26646
"Taylor Swift",?,?,26470
"List of highest-grossing films",?,?,26412
"Nationwide opinion polling for the 2024 United States presidential election",?,?,26392
"Volleyball at the 2024 Summer Olympics – Men's tournament",?,?,26390
"Brody Malone",?,?,26361
"Jon Ledecky",?,?,26360
"Biggest ball of twine",?,?,26308
"Ali Khamenei",?,?,26284
"2018 Horizon Air Q400 incident",?,?,26128
"Andy Beshear",?,?,26033
"Ireland at the Olympics",?,?,26030
"2016 Summer Olympics medal table",?,?,26014
"Fred Richard",?,?,25863
"Microsoft Office",?,?,25842
"Chino XL",?,?,25818
"India",?,?,25762
"Bids for the 2036 Summer Olympics",?,?,25677
"Morena Baccarin",?,?,25662
"Killing of Sonya Massey",?,?,25578
"Lois Toulson",?,?,25515
"Fabrice Bellard",?,?,25472
"Swimming at the 2024 Summer Olympics – Men's 100 metre freestyle",?,?,25448
"United States women's national artistic gymnastics team",?,?,25235
"Anurag Thakur",?,?,25212
"Fuad Shukr",?,?,25109
"2008 Summer Olympics",?,?,25051
"Yusuf Dikeç",?,?,25019
"Judo at the 2024 Summer Olympics – Women's 70 kg",?,?,24922
"Wayanad district",?,?,24847
"Barack Obama",?,?,24807
"John F. Kennedy",?,?,24744
"Iran",?,?,24630
"Facebook",?,?,24580
"Larisa Latynina",?,?,24576
"Wenyen Gabriel",?,?,24512
"Flavor Flav",?,?,24502
"TikTok",?,?,24382
"David Popovici",?,?,24315
"Rowing at the 2024 Summer Olympics",?,?,24262
"Roscoe Jackson",?,?,24193
"United States men's national basketball team",?,?,24159
"Agenda 47",?,?,24155
"Thomas Ceccon",?,?,24108
"Hillbilly Elegy",?,?,24048
"Presumed Innocent (TV series)",?,?,24018
"Those About to Die (TV series)",?,?,23955
"Sex",?,?,23927
"Modern pentathlon",?,?,23854
"Mary Lou Retton",?,?,23747
"Archery at the 2024 Summer Olympics – Men's individual",?,?,23698
"United Kingdom",?,?,23581
"Marvel Cinematic Universe: Phase Five",?,?,23562
"XXX (film series)",?,?,23559
"Kingdom of the Planet of the Apes",?,?,23541
"Cristiano Ronaldo",?,?,23362
"Philippines at the 2024 Summer Olympics",?,?,23296
"Japan at the 2024 Summer Olympics",?,?,23278
"Alien: Romulus",?,?,23243
"Kevin Durant",?,?,23231
"Ian Thorpe",?,?,23203
"The Last Supper (Leonardo)",?,?,23131
"The Bear (TV series)",?,?,23129
"Gabby Giffords",?,?,23066
"Coloboma",?,?,23020
"Surfing at the 2024 Summer Olympics",?,?,22990
"My Lai massacre",?,?,22952
"Sydney Sweeney",?,?,22951
"Gluteal sulcus",?,?,22893
"Craig David",?,?,22871
"Basketball at the Summer Olympics",?,?,22844
"Listeria",?,?,22823
"Mikel Merino",?,?,22714
"Paul Juda",?,?,22685
"Mossad",?,?,22665
"Kelly Cheng",?,?,22643
"Lê Đức Phát",?,?,22590
"Jason Statham",?,?,22561
"Eminem",?,?,22500
"Lovlina Borgohain",?,?,22314
"Mark Spitz",?,?,22289
"Kaylee McKeown",?,?,22241
"July 31",?,?,22122
"WhatsApp",?,?,22090
"Serena Williams",?,?,22048
"Carlos Alcaraz",?,?,22016
"Adam Peaty",?,?,22000
"Benjamin Netanyahu",?,?,21996
"1582",?,?,21937
"Marwan Issa",?,?,21929
"Badminton at the 2024 Summer Olympics – Mixed doubles",?,?,21903
"Ryan Lochte",?,?,21881
"Sporus",?,?,21857
"Lily Zhang",?,?,21839
"1992 United States men's Olympic basketball team",?,?,21820
"Pommel horse",?,?,21804
"Alistair Brownlee",?,?,21736
"Emmanuel Macron",?,?,21677
"Marie Antoinette",?,?,21669
"USA Gymnastics sex abuse scandal",?,?,21635
"Triathlon at the Summer Olympics",?,?,21616
"ChatGPT",?,?,21577
"Colin Jost",?,?,21574
"Zheng Qinwen",?,?,21561
"Sanshiro Murao",?,?,21549
"Angelique Kerber",?,?,21534
"Dominique Moceanu",?,?,21518
"Bam Adebayo",?,?,21490
"Jonathan Majors",?,?,21488
"2008 United States presidential election",?,?,21458
"DJ Randall",?,?,21398
"Limonene",?,?,21318
"Hawk Tuah Girl",?,?,21261
"Deepika Kumari",?,?,21257
"Badminton at the 2024 Summer Olympics – Women's doubles",?,?,21209
"2008 Summer Olympics medal table",?,?,21201
"Béla Károlyi",?,?,21192
"Kari Lake",?,?,21153
"X-Men Origins: Wolverine",?,?,21114
"Adriana Ruano",?,?,21059
"North Korea",?,?,21015
"BBC World Service",?,?,20848
"2012 United States presidential election",?,?,20774
"Emma D'Arcy",?,?,20732
"Tennis at the Summer Olympics",?,?,20712
"Channing Tatum",?,?,20711
"Winter Olympic Games",?,?,20702
"Cassandre Beaugrand",?,?,20659
"Thunderbolts*",?,?,20638
"Volleyball at the 2024 Summer Olympics – Women's tournament",?,?,20626
"Jimmy Carter",?,?,20595
"Norah O'Donnell",?,?,20567
"Russian Olympic Committee athletes at the 2020 Summer Olympics",?,?,20502
"Xavier Marchand",?,?,20428
"Hannah Roberts (BMX cyclist)",?,?,20412
"Malcolm Caldwell",?,?,20403
"Chase Budinger",?,?,20395
"2030 Winter Olympics",?,?,20365
"Refugee Olympic Team at the Olympics",?,?,20326
"Kerstin Emhoff",?,?,20273
"Keanu Reeves",?,?,20185
"Gambit (unproduced film)",?,?,20133
"Asher Hong",?,?,20122
"Sarabjot Singh",?,?,20115
"Chronological summary of the 2024 Summer Olympics",?,?,20109
"The Decameron",?,?,20101
"Canyon Barry",?,?,20084
"Henry Cavill",?,?,20061
"Savi (film)",?,?,20018
"Hong Kong",?,?,20003
"Incentives for Olympic medalists by country",?,?,19985
"The Goat Life",?,?,19927
"State of Palestine",?,?,19880
"Neatsville, Kentucky",?,?,19829
"Tom Aspinall",?,?,19786
"Marvel Cinematic Universe: Phase Six",?,?,19752
"Fencing at the 2024 Summer Olympics – Men's team sabre",?,?,19728
"Mahmoud Abbas",?,?,19614
"YouTube Shorts",?,?,19580
"María Corina Machado",?,?,19551
"Sabrina Carpenter",?,?,19545
"Giorgia Villa",?,?,19516
"Deborra-Lee Furness",?,?,19508
"Lebanon",?,?,19410
"Generation Z",?,?,19379
"Field hockey at the 2024 Summer Olympics – Men's tournament",?,?,19309
"Handball at the 2024 Summer Olympics",?,?,19302
"Tahiti",?,?,19249
"Barbara Butch",?,?,19247
"Shawn Levy",?,?,19231
"Grace McCallum",?,?,19173
"Tiramisu",?,?,19103
"Meena Harris",?,?,19088
"GAZ Sobol",?,?,19081
"Marial Shayok",?,?,19081
"List of Olympic medalists in gymnastics (women)",?,?,19072
"2004 Summer Olympics",?,?,19065
"Lionel Messi",?,?,19003
"Joel Embiid",?,?,18984
"Victor Wembanyama",?,?,18908
"Cycling at the 2024 Summer Olympics",?,?,18886
"Wesley Snipes",?,?,18855
"A Quiet Place (film series)",?,?,18826
"JT Thor",?,?,18731
"Ni Xialian",?,?,18702
"Adolf Hitler",?,?,18691
"1983 Beirut barracks bombings",?,?,18672
"Andy Murray",?,?,18629
"Natalie Coughlin",?,?,18591
"Game of Thrones",?,?,18524
"Bad Boys: Ride or Die",?,?,18524
"Wang Chuqin",?,?,18519
"Tai Tzu-ying",?,?,18494
"Zhang Boheng",?,?,18434
"Munich massacre",?,?,18384
"Edmundo González Urrutia",?,?,18338
"Wikimedia Foundation",?,?,18265
"Céline Bonnet",?,?,18183
"Robert F. Kennedy Jr.",?,?,18167
"Konkona Sen Sharma",?,?,18158
"Hillbilly Elegy (film)",?,?,18115
"Hassan Nasrallah",?,?,18114
"Crown flash",?,?,18089
"Null",?,?,18072
"China",?,?,18055
"United States at the 2020 Summer Olympics",?,?,18035
"Neeraj Chopra",?,?,18014
"Operation Postmaster",?,?,18013
"Duncan Scott (swimmer)",?,?,18010
"Coco Gauff",?,?,17999
"Inna Lillahi wa inna ilayhi raji'un",?,?,17984
"OLY",?,?,17981
"Swimming at the 2024 Summer Olympics – Men's 200 metre breaststroke",?,?,17948
"2024 Haret Hreik airstrike",?,?,17944
"Abdel Aziz al-Rantisi",?,?,17938
"Bigg Boss OTT (Hindi Digital series)",?,?,17931
"Wordle",?,?,17897
"1996 Summer Olympics",?,?,17866
"Dominique Dawes",?,?,17843
"Jenny Thompson",?,?,17798
"Kyle Chalmers",?,?,17723
"Yips",?,?,17647
"Swimming at the 2024 Summer Olympics – Women's 100 metre freestyle",?,?,17645
"NSYNC",?,?,17600
"Swimming at the 2024 Summer Olympics – Men's 200 metre butterfly",?,?,17588
"List of 2024 Summer Olympics medal winners",?,?,17507
"Yuki Kawamura",?,?,17488
"Robin Pröpper",?,?,17430
"2000 Summer Olympics",?,?,17429
"Russian invasion of Ukraine",?,?,17417
"Diving at the 2024 Summer Olympics",?,?,17375
"Jordyn Wieber",?,?,17337
"August 1",?,?,17313
"Australia",?,?,17303
"Clare Balding",?,?,17224
"2026 FIFA World Cup",?,?,17165
"September 11 attacks",?,?,17142
"Madison Kocian",?,?,17055
"Raindrop cake",?,?,17021
"2024–25 UEFA Conference League",?,?,16982
"Tatjana Smith",?,?,16980
"Australia at the 2024 Summer Olympics",?,?,16976
"Taiwan",?,?,16930
"Elizabeth II",?,?,16884
"Danielle Collins",?,?,16862
"Lady Gaga",?,?,16793
"2024–25 UEFA Champions League qualifying phase and play-off round",?,?,16777
"Golan Heights",?,?,16724
"Michael Jordan",?,?,16628
"Google",?,?,16625
"Breeching (boys)",?,?,16623
"Magnificent Seven (gymnastics)",?,?,16622
"Lee Kiefer",?,?,16603
"Jennifer Garner",?,?,16582
"2022 Winter Olympics",?,?,16576
"Nicole Kidman",?,?,16572
"Carlos Yulo",?,?,16544
"Robert Fellowes, Baron Fellowes",?,?,16527
"Wicked Little Letters",?,?,16521
"List of presidents of the United States",?,?,16505
"Corn smut",?,?,16482
"Seine",?,?,16476
"Skibidi Toilet",?,?,16465
"Kristian Blummenfelt",?,?,16464
"Gymnastics at the 2016 Summer Olympics – Women's artistic team all-around",?,?,16445
"1936 Summer Olympics",?,?,16438
"Thomas Matthew Crooks",?,?,16436
"Gymnastics at the 2020 Summer Olympics – Women's artistic individual all-around",?,?,16428
"GZA",?,?,16386
"Kyla Ross",?,?,16383
"Bad Newz (film)",?,?,16378
"Andrew Tate",?,?,16376
"Shooting at the 2024 Summer Olympics – Women's trap",?,?,16359
"Swimming at the 2024 Summer Olympics – Women's 1500 metre freestyle",?,?,16358
"Joseph Quinn (actor)",?,?,16320
"Sunita Williams",?,?,16313
"Peter Thiel",?,?,16298
"Beth Tweddle",?,?,16283
"2036 Summer Olympics",?,?,16233
"Canoeing at the 2024 Summer Olympics",?,?,16203
"Stephen Curry",?,?,16203
"Indian 2",?,?,16200
"Harris Faulkner",?,?,16172
"J. K. Rowling",?,?,16162
"South Korea at the 2024 Summer Olympics",?,?,16151
"Wolverine (character)",?,?,16146
"Wiki",?,?,16095
"Mark Leiter Jr.",?,?,16073
"Keir Starmer",?,?,16056
"Viktor Axelsen",?,?,16039
"Love Island (American TV series) season 6",?,?,16025
"ISSF 10 meter air pistol",?,?,16011
"2024 Democratic Party vice presidential candidate selection",?,?,15947
"Muhammad Ali",?,?,15943
"1896 Summer Olympics",?,?,15928
"Olga Korbut",?,?,15923
"Josh Hartnett",?,?,15901
"Japan",?,?,15887
"The Boys season 4",?,?,15879
"Joe Brown (judge)",?,?,15859
"DuckDuckGo",?,?,15803
"France",?,?,15697
"Jack Laugher",?,?,15679
"Captain America: Brave New World",?,?,15657
"Gymnastics at the 2024 Summer Olympics – Men's artistic team all-around",?,?,15654
"YouTube (YouTube channel)",?,?,15649
"List of American films of 2024",?,?,15622
"List of states and territories of the United States",?,?,15607
"Dunblane massacre",?,?,15527
"Dua Lipa",?,?,15501
"List of IOC country codes",?,?,15494
"100 metres",?,?,15485
"Ironman Triathlon",?,?,15460
"Gymnastics at the 2024 Summer Olympics – Women's artistic individual all-around",?,?,15457
"2024 Venezuelan protests",?,?,15456
"Russia",?,?,15443
"BWF World Ranking",?,?,15436
"A Song of Ice and Fire",?,?,15435
"Roger Federer",?,?,15424
"Marta (footballer)",?,?,15413
"Khalid Sheikh Mohammed",?,?,15408
"France at the 2024 Summer Olympics",?,?,15407
"Religion in Rwanda",?,?,15401
"Trap shooting",?,?,15377
"Donna Vekić",?,?,15365
"Bart Conner",?,?,15361
"Nada Hafez",?,?,15347
"M. Night Shyamalan",?,?,15306
"Ronald Reagan",?,?,15225
"Chasten Buttigieg",?,?,15224
"Tulsi Gabbard",?,?,15201
"Daiki Hashimoto",?,?,15194
"Fencing",?,?,15172
"Korbin Albert",?,?,15163
"Rob Delaney",?,?,15147
"Pornhub",?,?,15122
"He Bingjiao",?,?,15107
"Arnold Schwarzenegger",?,?,15100
"Angela Andreoli",?,?,15072
"Ralph Macchio",?,?,15064
"Pau Víctor",?,?,14987
"Jack Flaherty",?,?,14966
"Twister (1996 film)",?,?,14961
"Ancient Olympic Games",?,?,14960
"2034 Winter Olympics",?,?,14950
"2024 Summer Olympics opening ceremony",?,?,14906
"Mukesh Ambani",?,?,14901
"GAZelle",?,?,14889
"Matthew Macfadyen",?,?,14862
"Arjun Rampal",?,?,14857
"Mai-chan's Daily Life",?,?,14840
"Elvis Presley",?,?,14831
"Caster Semenya",?,?,14821
"Udham Singh",?,?,14759
"Noah Lyles",?,?,14745
"List of countries by GDP (nominal)",?,?,14739
"George W. Bush",?,?,14737
"Aniridia",?,?,14722
"Gojira (band)",?,?,14696
"Roman Safiullin",?,?,14676
"Karch Kiraly",?,?,14656
"Daisy Edgar-Jones",?,?,14649
"Logan (film character)",?,?,14627
"Fall (2022 film)",?,?,14578
"Turkey",?,?,14549
"Singapore",?,?,14542
"List of Hindi films of 2024",?,?,14514
"Marta Kostyuk",?,?,14486
"Shooting at the Summer Olympics",?,?,14485
"Handball at the 2024 Summer Olympics – Men's tournament",?,?,14478
"Napoleon",?,?,14472
"Björn Borg",?,?,14470
"Bigg Boss OTT (Hindi Digital series) season 3",?,?,14438
"2024–25 UEFA Europa League",?,?,14434
"Sudan",?,?,14424
"World War I",?,?,14414
"Joe Fraser",?,?,14406
"Michael Jackson",?,?,14405
"Gymnastics at the 2008 Summer Olympics – Women's artistic team all-around",?,?,14320
"Shannen Doherty",?,?,14314
"David Berkoff",?,?,14298
"Canada",?,?,14271
"Guatemala at the Olympics",?,?,14240
"Charles III",?,?,14235
"It Ends with Us (film)",?,?,14233
"Fantastic Four in film",?,?,14211
"Thomas Jolly",?,?,14211
"Mollie O'Callaghan",?,?,14179
"Rugby sevens",?,?,14160
"Eiffel Tower",?,?,14149
"2004 United States presidential election",?,?,14104
"Handball",?,?,14075
"Baphomet",?,?,14071
"Mary L. Trump",?,?,14062
"1984 Summer Olympics",?,?,14061
"Kristóf Milák",?,?,14042
"Lasha Bekauri",?,?,14010
"2024 Formula One World Championship",?,?,13998
"New York City",?,?,13985
"Triathlon at the 2024 Summer Olympics – Men's",?,?,13976
"Truls Möregårdh",?,?,13974
"Khaman Maluach",?,?,13953
"Amélie Oudéa-Castéra",?,?,13938
"Jackson Holliday",?,?,13924
"Florence Griffith Joyner",?,?,13911
"Laurent Landi",?,?,13886
"Franklin D. Roosevelt",?,?,13881
"Haka",?,?,13799
"Matt Kaplan",?,?,13787
"Ireland at the 2024 Summer Olympics",?,?,13786
"Panasonic",?,?,13761
"2004 Summer Olympics medal table",?,?,13747
"Romani people",?,?,13743
"Telegram (software)",?,?,13742
"Boxing at the 2024 Summer Olympics – Women's 75 kg",?,?,13739
"Frutiger Aero",?,?,13736
"Swimming at the Summer Olympics",?,?,13731
"Kamala Harris 2024 presidential campaign",?,?,13727
"Ryan Murphy (swimmer)",?,?,13695
"Natalie Portman",?,?,13695
"Mia Khalifa",?,?,13691
"Lamine Yamal",?,?,13690
"Oh Ye-jin",?,?,13688
"Filip Jörgensen",?,?,13684
"Li Qian (boxer)",?,?,13666
"K2",?,?,13657
"Belal Muhammad",?,?,13656
"Boxing at the 2024 Summer Olympics – Men's 71 kg",?,?,13643
"Chris Evans (actor)",?,?,13624
"Ben Affleck",?,?,13620
"PwC",?,?,13616
"Olympic symbols",?,?,13615
"1980 Summer Olympics",?,?,13608
"Phil Spector",?,?,13597
"Katelyn Ohashi",?,?,13592
"Dylan Sprouse",?,?,13573
"Emma McKeon",?,?,13551
"FC Barcelona",?,?,13545
"The Acolyte (TV series)",?,?,13541
"Decathlon",?,?,13499
"Family of Donald Trump",?,?,13492
"Billie Eilish",?,?,13485
"Serbia",?,?,13483
"Quan Hongchan",?,?,13472
"Josh Hawkinson",?,?,13445
"Rami Hamdallah",?,?,13436
"Anjem Choudary",?,?,13414
"Illuminati",?,?,13406
"Ariarne Titmus",?,?,13388
"Lyndon B. Johnson",?,?,13364
"Avengers: Doomsday",?,?,13315
"Oppenheimer (film)",?,?,13306
"Flag of Samoa",?,?,13286
"Gymnastics at the 2012 Summer Olympics – Women's artistic team all-around",?,?,13286
"Ronald L. Rowe Jr.",?,?,13286
"Backstreet Boys",?,?,13266
"The Eras Tour",?,?,13263
"Latveria",?,?,13259
"Tom Cruise",?,?,13257
"Gertrude Ederle",?,?,13253
"Fouad Shuker",?,?,13223
"Assassination of John F. Kennedy",?,?,13200
"Matt Baker",?,?,13196
"Olympic sports",?,?,13151
"2000 United States presidential election",?,?,13149
"Political positions of Kamala Harris",?,?,13139
"Vietnam War",?,?,13139
"Cat",?,?,13137
"Jesse Watters",?,?,13123
"2 Girls 1 Cup",?,?,13084
"Brat (album)",?,?,13068
"Paris",?,?,13067
"Paddy Pimblett",?,?,13040
"Serbia women's national volleyball team",?,?,13039
"Maggie Nichols (gymnast)",?,?,13024
"YouTube Kids",?,?,13018
"Badminton at the Summer Olympics",?,?,13017
"Caspar Corbeau",?,?,13010
"Avengers: Endgame",?,?,13001
"Wade Wilson (film character)",?,?,12997
"Presumed Innocent (film)",?,?,12987
"Quavo",?,?,12980
"Namibia",?,?,12980
"The Wolverine (film)",?,?,12973
"Jeffrey Dahmer",?,?,12954
"Michelle Smith",?,?,12932
"Blade: Trinity",?,?,12924
"South Korea",?,?,12921
"Olympic medal table",?,?,12914
"Germany",?,?,12899
"Ratchanok Intanon",?,?,12895
"X-Men (film)",?,?,12895
"Matthew Pinsent",?,?,12886
"Shawn Johnson",?,?,12881
"Nyjah Huston",?,?,12861
"Triathlon at the 2020 Summer Olympics",?,?,12860
"Bill Clinton",?,?,12859
"Emma Navarro",?,?,12848
"Abraham Lincoln",?,?,12846
"2023 Hamas-led attack on Israel",?,?,12835
"Riccardo Calafiori",?,?,12828
"Strabismus",?,?,12822
"Inauguration of Lai Ching-te",?,?,12818
"Judo",?,?,12782
"Queen Victoria",?,?,12776
"1992 Summer Olympics",?,?,12774
"3x3 basketball",?,?,12752
"UEFA Champions League",?,?,12744
"2020 United States men's Olympic basketball team",?,?,12743
"Azerbaijan",?,?,12739
"Kylian Mbappé",?,?,12736
"Hozier",?,?,12718
"Swimming at the 2024 Summer Olympics – Men's 200 metre backstroke",?,?,12711
"Semaglutide",?,?,12704
"Hannah Scott (rower)",?,?,12700
"Volleyball at the Summer Olympics",?,?,12696
"Katy Perry",?,?,12695
"Twitter",?,?,12667
"Steve McClaren",?,?,12662
"China at the Olympics",?,?,12655
"Soviet Union",?,?,12651
"George H. W. Bush",?,?,12647
"Guantanamo Bay detention camp",?,?,12639
"List of ethnic slurs",?,?,12630
"Eric Moussambani",?,?,12587
"Leonardo da Vinci",?,?,12572
"Tommy Pham",?,?,12565
"Chelsea F.C.",?,?,12536
"Tijana Bošković",?,?,12512
"A Quiet Place",?,?,12505
"Concerns and controversies at the 2024 Summer Olympics",?,?,12475
"The Boy Next Door (film)",?,?,12475
"James Guy (swimmer)",?,?,12474
"Ignatius of Loyola",?,?,12460
"IF (film)",?,?,12434
"Tony West (attorney)",?,?,12418
"Japan men's national volleyball team",?,?,12398
"Civil War (film)",?,?,12385
"Rugby sevens at the 2024 Summer Olympics",?,?,12358
"Hong Kong at the Olympics",?,?,12352
"Democratic Party (United States)",?,?,12344
"Philippines",?,?,12336
"Bermuda",?,?,12326
"Freestyle swimming",?,?,12309
"Halsey (singer)",?,?,12305
"Majok Deng",?,?,12303
"Jennifer Lopez",?,?,12301
"Anthony Mason (basketball)",?,?,12300
"Stiff-person syndrome",?,?,12286
"Harold and the Purple Crayon (film)",?,?,12272
"Gregorio Y. Zara",?,?,12269
"Assassinated",?,?,12253
"Gymnastics at the Summer Olympics",?,?,12251
"Madhav Gadgil",?,?,12233
"Cobra Kai season 6",?,?,12221
"Superman (2025 film)",?,?,12199
"Lockheed C-5 Galaxy",?,?,12196
"Preeti Sudan",?,?,12174
"Albert Einstein",?,?,12166
"Alice D'Amato",?,?,12166
"Indonesia",?,?,12159
"Oleg Verniaiev",?,?,12148
"Pakistan",?,?,12145
"Gretchen Whitmer",?,?,12124
"Kendrick Lamar",?,?,12123
"Cyprus",?,?,12122
"Rowdy Gaines",?,?,12119
"Ebon Moss-Bachrach",?,?,12075
"Israeli–Palestinian conflict",?,?,12073
"Titus",?,?,12071
"Justin Timberlake",?,?,12057
"Pavel Durov",?,?,12049
"Saina Nehwal",?,?,12046
"President of Iran",?,?,12040
"Cycling at the 2024 Summer Olympics – Men's BMX freestyle",?,?,12023
"Max Whitlock",?,?,12021
"English language",?,?,12021
"Canada at the 2024 Summer Olympics",?,?,12019
"Chinese Taipei",?,?,12012
"Gus March-Phillipps",?,?,12005
"Amber Rose",?,?,12001
"Shooting at the 2024 Summer Olympics – Men's 50 metre rifle three positions",?,?,12000
"Gabriel Medina",?,?,11989
"Richard Nixon",?,?,11985
"Thiago Alcântara",?,?,11968
"Earth",?,?,11945
"India at the 2016 Summer Olympics",?,?,11927
"Australia at the Olympics",?,?,11923
"Rowan Atkinson",?,?,11913
"Tehran",?,?,11897
"Judith Barsi",?,?,11895
"Uta Abe",?,?,11875
"List of Olympic medalists in tennis",?,?,11861
"Al Jazeera",?,?,11860
"Blade (1998 film)",?,?,11847
"Portia Woodman",?,?,11844
"Manchester United F.C.",?,?,11836
"Carolina Marín",?,?,11834
"Bone Tomahawk",?,?,11806
"Shaquille O'Neal",?,?,11790
"Charlotte Drury",?,?,11785
"Iga Świątek",?,?,11784
"Robert F. Kennedy",?,?,11770
"Callum Turner",?,?,11767
"Windows 10 version history",?,?,11764
"Table tennis at the Summer Olympics",?,?,11757
"Jake Gyllenhaal",?,?,11747
"Titanic",?,?,11744
"Armie Hammer",?,?,11736
"George Washington",?,?,11732
"Kobe Bryant",?,?,11692
"Zionism",?,?,11681
"2024 United Kingdom general election",?,?,11674
"Josh Hawley",?,?,11674
"Domitian",?,?,11664
"Gaza Strip",?,?,11635
"YouTube Premium",?,?,11632
"Tom Hardy",?,?,11623
"Sam Brinton",?,?,11616
"2024 Democratic National Convention",?,?,11616
"Anna Karolína Schmiedlová",?,?,11576
"2000 Summer Olympics medal table",?,?,11575
"Water polo at the 2024 Summer Olympics",?,?,11570
"Guatemala at the 2024 Summer Olympics",?,?,11565
"List of countries and dependencies by population",?,?,11563
"Harald Hardrada",?,?,11553
"Sexual intercourse",?,?,11531
"Generation X",?,?,11509
"Osama bin Laden",?,?,11502
"FIFA World Cup",?,?,11494
"Theodore Roosevelt",?,?,11481
"Georgia Taylor-Brown",?,?,11470
"Belize",?,?,11467
"National Orgasm Day",?,?,11465
"Jonny Brownlee",?,?,11452
"Kim Jong Un",?,?,11449
"President of the United States",?,?,11436
"2024 United States Senate election in Arizona",?,?,11411
"Canoeing at the 2024 Summer Olympics – Women's slalom C-1",?,?,11373
"Ottoman Empire",?,?,11371
"Kareem Maddox",?,?,11356
"Peggy (dog)",?,?,11356
"Netherlands",?,?,11351
"Triathlon at the 2020 Summer Olympics – Men's",?,?,11341
"Illia Kovtun",?,?,11341
"Malaysia at the 2024 Summer Olympics",?,?,11333
"1988 Summer Olympics",?,?,11327
"Fascism",?,?,11296
"Dennis Rodman",?,?,11283
"Linford Christie",?,?,11274
"List of United States presidential assassination attempts and plots",?,?,11265
"Republican Party (United States)",?,?,11253
"2024 United States men's Olympic basketball team",?,?,11252
"Lockheed Martin F-35 Lightning II",?,?,11247
"Real Madrid CF",?,?,11221
"2024 Wayanad landslides",?,?,11213
"Periodic table",?,?,11211
"Gymnastics",?,?,11211
"Aadhaar",?,?,11204
"Bangladesh",?,?,11203
"Islamic Revolutionary Guard Corps",?,?,11202
"Huy Fong Foods",?,?,11198
"List of United States cities by population",?,?,11187
"Atomic bombings of Hiroshima and Nagasaki",?,?,11175
"Anne, Princess Royal",?,?,11166
"Swapnil Kusale",?,?,11163
"New Zealand",?,?,11148
"Beirut",?,?,11148
"Cnut",?,?,11147
"J. Robert Oppenheimer",?,?,11121
"Cindy Ngamba",?,?,11115
"René Angélil",?,?,11115
"A",?,?,11113
"Wong Sau Ying",?,?,11109
"Sailing at the 2024 Summer Olympics",?,?,11071
"Russo-Ukrainian War",?,?,11064
"The Rookie (TV series)",?,?,11062
"Katharine Berkoff",?,?,11041
"Gymnastics at the 2016 Summer Olympics",?,?,11038
"Mr. & Mrs. Mahi",?,?,11035
"Diving at the 2024 Summer Olympics – Women's synchronized 10 metre platform",?,?,11019
"Triathlon at the 2020 Summer Olympics – Mixed relay",?,?,11018
"Magheralin",?,?,11017
"Nicolas Cage",?,?,11016
"Jesus",?,?,11011
"Lori Shapiro",?,?,10998
"Cobra Kai",?,?,10990
"George R. R. Martin",?,?,10986
"Woke",?,?,10983
"Sinking of the Titanic",?,?,10982
"Murlikant Petkar",?,?,10982
"The Holocaust",?,?,10976
"Al-Shati refugee camp",?,?,10972
"List of Olympic records in swimming",?,?,10968
"FIFA Women's World Cup",?,?,10960
"India at the 2012 Summer Olympics",?,?,10950
"XNXX",?,?,10942
"Switzerland",?,?,10939
